Name,Score,Rank,Popularity,Genres,Episodes,Start Date,End Date,Producers,Studios

3D Kanojo: Real Girl,6.81,4515,669,"Romance, School, Shoujo",12,"Apr 4, 2018","Jun 20, 2018","Nippon Television Network, DeNA",Hoods Entertainment
3D Kanojo: Real Girl 2nd Season,7.67,1115,1244,"Romance, School, Shoujo",12,"Jan 9, 2019","Mar 27, 2019","VAP, Docomo Anime Store, DeNA, D.N. Dream Partners",Hoods Entertainment
5-toubun no Hanayome,7.67,1116,213,"Harem, Comedy, Romance, School, Shounen",12,"Jan 11, 2019","Mar 29, 2019","None found, add some",Tezuka Productions
5-toubun no Hanayome ∬,7.67,1116,213,"Harem, Comedy, Romance, School, Shounen",12,"Jan 11, 2019","Mar 29, 2019","None found, add some",Tezuka Productions
91 Days,7.83,790,263,"Action, Drama, Historical",12,"Jul 9, 2016","Oct 1, 2016","Shochiku, Mainichi Broadcasting System, Shochiku Music Publishing",Shuka
Accel World,7.27,2529,214,"Action, Game, Sci-Fi, Romance, School",24,"Apr 7, 2012","Sep 22, 2012","Genco, Rakuonsha, Warner Bros. Japan, flying DOG, ASCII Media Works",Sunrise
Aho Girl,6.83,4425,410,"Comedy, Romance, School, Shounen",12,"Jul 4, 2017","Sep 19, 2017","Nihon Ad Systems, Kodansha, Movic, KlockWorx, Sony Music Entertainment, King Records, BS11, Animatic, Marui Group",Diomedéa
Akkun to Kanojo,6.84,4375,1287,"Comedy, Josei, Romance, School",25,"Apr 6, 2018","Sep 21, 2018","None found, add some",Yumeta Company
Amagi Brilliant Park,7.50,1605,265,"Comedy, Drama, Fantasy, Magic",13,"Oct 7, 2014","Dec 26, 2014","Avex Entertainment, TBS, DAX Production, flying DOG, Mobcast",Kyoto Animation
Angel Beats!,8.11,412,19,"Action, Comedy, Drama, School, Supernatural",13,"Apr 3, 2010","Jun 26, 2010","Aniplex, Dentsu, Mainichi Broadcasting System, CBC Television, Movic, Visual Arts, ASCII Media Works",P.A. Works
Ano Hi Mita Hana no Namae wo Bokutachi wa Mada Shiranai.,8.37,172,55,"Slice of Life, Supernatural, Drama",11,"Apr 15, 2011","Jun 24, 2011","Aniplex, Dentsu, Fuji TV, Fujipacific Music",A-1 Pictures
Ano Hi Mita Hana no Namae wo Bokutachi wa Mada Shiranai. Movie,8.37,172,55,"Slice of Life, Supernatural, Drama",11,"Apr 15, 2011","Jun 24, 2011","Aniplex, Dentsu, Fuji TV, Fujipacific Music",A-1 Pictures
Ao Haru Ride,7.66,1138,163,"Comedy, Drama, Romance, School, Shoujo, Slice of Life",12,"Jul 8, 2014","Sep 23, 2014","Mainichi Broadcasting System, Movic, Sony Music Entertainment, TOHO animation, Shueisha, BS11, Animatic, Hakuhodo DY Media Partners, Sony PCL",Production I.G
Arifureta Shokugyou de Sekai Saikyou,6.61,5482,352,"Action, Adventure, Harem, Fantasy",13,"Jul 8, 2019","Oct 7, 2019","AT-X, Sony Music Communications, Bushiroad, Toranoana, Hakuhodo DY Music & Pictures, Overlap, FuRyu, Bandai Namco Arts","asread., White Fox"
Arslan Senki (TV),7.69,1071,498,"Action, Adventure, Drama, Fantasy, Historical, Shounen",25,"Apr 5, 2015","Sep 27, 2015","Dentsu, Mainichi Broadcasting System, Kodansha, Magic Capsule, Ultra Super Pictures, Graphinica, NBCUniversal Entertainment Japan","SANZIGEN, LIDENFILMS"
Bakemonogatari,8.35,186,74,"Romance, Supernatural, Mystery, Vampire",15,"Jul 3, 2009","Jun 25, 2010","Aniplex, Kodansha",Shaft
Blend S,7.33,2249,288,"Slice of Life, Comedy",12,"Oct 8, 2017","Dec 24, 2017","Aniplex, Houbunsha, Kansai Telecasting, Lawson, Contents Seed, Kinoshita Group Holdings, Drecom",A-1 Pictures
Boku dake ga Inai Machi,8.33,202,31,"Mystery, Psychological, Supernatural, Seinen",12,"Jan 8, 2016","Mar 25, 2016","Aniplex, Dentsu, Kadokawa Shoten, Fuji TV, DAX Production, Kyoraku Industrial Holdings, Kansai Telecasting, Lawson, C-one",A-1 Pictures
Boku no Hero Academia,8.01,540,6,"Action, Comedy, School, Shounen, Super Power",13,"Apr 3, 2016","Jun 26, 2016","Dentsu, Mainichi Broadcasting System, Movic, TOHO animation, Shueisha",Bones
Boku no Hero Academia 2nd Season,8.23,280,15,"Action, Comedy, Super Power, School, Shounen",25,"Apr 1, 2017","Sep 30, 2017","Dentsu, Yomiuri Telecasting, Movic, Sony Music Entertainment, TOHO animation, Shueisha",Bones
Boku no Hero Academia 3rd Season,8.16,348,26,"Action, Comedy, Super Power, School, Shounen",25,"Apr 7, 2018","Sep 29, 2018","Dentsu, Yomiuri Telecasting, Movic, Sony Music Entertainment, TOHO animation, Shueisha",Bones
Boku no Hero Academia 4th Season,8.01,541,63,"Action, Comedy, Super Power, School, Shounen",25,"Oct 12, 2019","Apr 4, 2020","Dentsu, Yomiuri Telecasting, Movic, Sony Music Entertainment, TOHO animation, Shueisha",Bones
Boku wa Tomodachi ga Sukunai,7.22,2735,169,"Ecchi, Slice of Life, Comedy, Harem, Romance, School",12,"Oct 7, 2011","Dec 23, 2011","AIC, Media Factory, TBS, Bushiroad, Bandai Namco Games, Good Smile Company",AIC Build
Boku wa Tomodachi ga Sukunai Next,7.35,2160,341,"Harem, Slice of Life, Comedy, Romance, School",12,"Jan 11, 2013","Mar 29, 2013","AIC, Media Factory, TBS, Magic Capsule, Bandai Namco Games, Good Smile Company",AIC Build
Boruto: Naruto the Movie,7.45,1778,430,"Action, Comedy, Martial Arts, Shounen, Super Power",1,"Aug 7, 2015",?,"Toho, Shueisha",Studio Pierrot
Byousoku 5 Centimeter,7.65,1168,146,"Drama, Romance, Slice of Life",3,"Mar 3, 2007",?,"None found, add some",CoMix Wave Films
Campione!: Matsurowanu Kamigami to Kamigoroshi no Maou,6.99,3779,489,"Comedy, Ecchi, Fantasy, Harem, Magic, Romance",13,"Jul 6, 2012","Sep 28, 2012","Lantis, AT-X, Barnum Studio, Magic Capsule, Warner Bros. Japan, KlockWorx, Shueisha, Bulls Eye",Diomedéa
Captain Tsubasa: Road to 2002,7.41,1921,2535,"Action, Sports, Shounen",52,"Oct 7, 2001","Oct 6, 2002",TV Tokyo,"Madhouse, Group TAC"
Carole & Tuesday,7.92,647,646,"Drama, Music, Sci-Fi",24,"Apr 11, 2019","Oct 3, 2019","Fuji TV, flying DOG, BS Fuji, Hakuhodo DY Music & Pictures, Hakuhodo DY Media Partners",Bones
Charlotte,7.76,907,59,"Drama, School, Super Power",13,"Jul 5, 2015","Sep 27, 2015","Aniplex, Mainichi Broadcasting System, Movic, Visual Arts, ASCII Media Works, Tokyo MX, BS11",P.A. Works
ChäoS;Child,6.36,6775,1398,"Sci-Fi, Mystery, Psychological, Supernatural",12,"Jan 11, 2017","Mar 29, 2017","Kadokawa Shoten, AT-X, MAGES., Glovision, 5pb.",SILVER LINK.
ChäoS;HEAd,6.34,6873,630,"Sci-Fi, Harem, Mystery, Psychological, Supernatural",12,"Oct 9, 2008","Dec 25, 2008","VAP, Yomiuri Telecasting, Kids Station",Madhouse
Chihayafuru,8.21,307,413,"Drama, Game, Josei, School, Slice of Life, Sports",25,"Oct 5, 2011","Mar 28, 2012","VAP, Nippon Television Network",Madhouse
Chobits,7.42,1869,367,"Sci-Fi, Comedy, Drama, Romance, Ecchi, Seinen",26,"Apr 3, 2002","Sep 25, 2002","TBS, Pioneer LDC",Madhouse
Chuunibyou demo Koi ga Shitai!,7.74,953,82,"Slice of Life, Comedy, Drama, Romance, School",12,"Oct 4, 2012","Dec 20, 2012","Lantis, Pony Canyon, TBS, Rakuonsha, Animation Do",Kyoto Animation
Citrus,6.49,6122,391,"Drama, Romance, School, Shoujo Ai",12,"Jan 6, 2018","Mar 24, 2018","Sotsu, Lantis, AT-X, KlockWorx, Happinet Pictures, BS Fuji, Tokyo MX, Infinite, Children's Playground Entertainment, Ichijinsha, Crunchyroll SC Anime Fund",Passione
Clannad,8.03,512,70,"Comedy, Drama, Romance, School, Slice of Life, Supernatural",23,"Oct 5, 2007","Mar 28, 2008","Pony Canyon, TBS, Movic, Animation Do",Kyoto Animation
Classroom☆Crisis,7.01,3720,1452,"Drama, Romance, School, Sci-Fi",13,"Jul 4, 2015","Sep 26, 2015","Aniplex, Mainichi Broadcasting System",Lay-duce
Danshi Koukousei no Nichijou,8.26,253,193,"Slice of Life, Comedy, School",12,"Jan 10, 2012","Mar 27, 2012","TV Tokyo, Square Enix, Trinity Sound, Happinet Pictures",Sunrise
Dareka no Manazashi,7.36,2099,2188,"Drama, Slice of Life",1,"Feb 10, 2013",?,The Answer Studio,CoMix Wave Films
Darling in the FranXX,7.28,2453,66,"Action, Drama, Mecha, Romance, Sci-Fi",24,"Jan 13, 2018","Jul 7, 2018","Aniplex, Khara, Movic, Ultra Super Pictures, Lucent Pictures Entertainment, Tokyo MX, Nagoya Broadcasting Network, Asahi Broadcasting, BS11, Lawson, ABC Animation, Rialto Entertainment","A-1 Pictures, Trigger, CloverWorks"
Darwin's Game,7.27,2536,425,"Action, Sci-Fi, Mystery, Super Power, Shounen",11,"Jan 4, 2020","Mar 21, 2020","Aniplex, AT-X, Tokyo MX, Akita Shoten, BS11, Kanetsu Investment, CA-Cygames Anime Fund, Hochi Shimbun, ADK",Nexus
Deadman Wonderland,7.19,2907,88,"Action, Horror, Sci-Fi, Shounen, Supernatural",12,"Apr 17, 2011","Jul 3, 2011","Kadokawa Shoten, Kadokawa Pictures Japan, KlockWorx, AMG MUSIC",Manglobe
Death Note,8.63,62,1,"Mystery, Police, Psychological, Supernatural, Thriller, Shounen",37,"Oct 4, 2006","Jun 27, 2007","VAP, Konami, Ashi Production, Nippon Television Network, Shueisha",Madhouse
Death Parade,8.18,335,47,"Game, Mystery, Psychological, Drama, Thriller",12,"Jan 10, 2015","Mar 28, 2015","VAP, DAX Production, Nippon Television Network",Madhouse
Devilman: Crybaby,7.80,848,132,"Action, Dementia, Demons, Horror, Supernatural",10,"Jan 5, 2018",?,"Aniplex, Dynamic Planning, Netflix",Science SARU
Dive!!,6.08,8176,2597,"Comedy, Sports",12,"Jul 7, 2017","Sep 22, 2017","Aniplex, Dentsu, Fuji TV, DMM pictures",Zero-G
Domestic na Kanojo,6.73,4896,285,"Drama, Romance, School, Shounen",12,"Jan 12, 2019","Mar 30, 2019","Mainichi Broadcasting System, Kodansha, flying DOG, DMM pictures, Bit Promotion",Diomedéa
Dorohedoro,8.09,433,445,"Action, Comedy, Horror, Magic, Fantasy, Seinen",12,"Jan 13, 2020","Mar 30, 2020","Shogakukan-Shueisha Productions, Mainichi Broadcasting System, Movic, TOHO animation, BS11, Shogakukan, Sumitomo, RAY, Pia",MAPPA
Dr. Stone,8.31,220,67,"Sci-Fi, Adventure, Comedy, Shounen",24,"Jul 5, 2019","Dec 13, 2019","TOHO animation, Shueisha",TMS Entertainment
Dr. Stone: Stone Wars,8.20,315,197,"Sci-Fi, Adventure, Comedy, Shounen",11,"Jan 14, 2021","Mar 25, 2021","TOHO animation, Shueisha, Toho Music",TMS Entertainment
Dragon Ball,7.97,584,128,"Adventure, Comedy, Fantasy, Martial Arts, Shounen, Super Power",153,"Feb 26, 1986","Apr 12, 1989","Fuji TV, Harmony Gold",Toei Animation
Dragon Ball GT,6.46,6270,290,"Action, Sci-Fi, Adventure, Comedy, Super Power, Magic, Fantasy, Shounen",64,"Feb 7, 1996","Nov 19, 1997",Fuji TV,Toei Animation
Dragon Ball Kai,7.71,1025,539,"Action, Adventure, Comedy, Fantasy, Martial Arts, Shounen, Super Power",97,"Apr 5, 2009","Mar 27, 2011","None found, add some",Toei Animation
Dragon Ball Super,7.40,1942,216,"Action, Adventure, Comedy, Super Power, Martial Arts, Fantasy, Shounen",131,"Jul 5, 2015","Mar 25, 2018","Yomiko Advertising, Fuji TV",Toei Animation
Dragon Ball Super: Broly,8.11,415,648,"Action, Adventure, Super Power, Martial Arts, Fantasy, Shounen",1,"Dec 14, 2018",?,"Shueisha, Echoes",Toei Animation
Dragon Ball Z,8.15,369,96,"Action, Adventure, Comedy, Super Power, Martial Arts, Fantasy, Shounen",291,"Apr 26, 1989","Jan 31, 1996",Fuji TV,Toei Animation
Dragon Ball Z Movie 14: Kami to Kami,7.39,1996,974,"Action, Adventure, Super Power, Martial Arts, Fantasy, Shounen",1,"Mar 30, 2013",?,"None found, add some",Toei Animation
Dungeon ni Deai wo Motomeru no wa Machigatteiru Darou ka,7.59,1337,65,"Action, Adventure, Comedy, Romance, Fantasy",13,"Apr 4, 2015","Jun 27, 2015","Genco, Movic, Warner Bros. Japan, KlockWorx, SoftBank Creative, Showgate, MAGES., FuRyu",J.C.Staff
Dungeon ni Deai wo Motomeru no wa Machigatteiru Darou ka Gaiden: Sword Oratoria,7.04,3572,451,"Action, Adventure, Fantasy",12,"Apr 15, 2017","Jul 1, 2017","Genco, Movic, Warner Bros. Japan, KlockWorx, SoftBank Creative, MAGES., Hakuhodo DY Music & Pictures, FuRyu, Imagine",J.C.Staff
Dungeon ni Deai wo Motomeru no wa Machigatteiru Darou ka II,7.23,2713,231,"Action, Adventure, Comedy, Romance, Fantasy",12,"Jul 13, 2019","Sep 28, 2019","Genco, Movic, Warner Bros. Japan, KlockWorx, SoftBank Creative, Hakuhodo DY Music & Pictures, Egg Firm, FuRyu, GREE",J.C.Staff
Dungeon ni Deai wo Motomeru no wa Machigatteiru Darou ka III,7.45,1780,404,"Action, Adventure, Comedy, Romance, Fantasy",12,"Oct 3, 2020","Dec 19, 2020","Movic, Warner Bros. Japan, KlockWorx, Hakuhodo DY Music & Pictures, Egg Firm, FuRyu, GREE, SB Creative",J.C.Staff
Enen no Shouboutai,7.67,1123,112,"Action, Supernatural, Shounen",24,"Jul 6, 2019","Dec 28, 2019","Mainichi Broadcasting System, Kodansha, bilibili, DMM pictures, DMM Music",David Production
Enen no Shouboutai: Ni no Shou,7.75,940,321,"Action, Supernatural, Shounen",24,"Jul 4, 2020","Dec 12, 2020","Mainichi Broadcasting System, DMM pictures",David Production
Eromanga-sensei,6.43,6453,239,"Comedy, Drama, Romance, Ecchi",12,"Apr 9, 2017","Jun 25, 2017","Aniplex, Movic, ASCII Media Works, BS11, Kinoshita Group Holdings",A-1 Pictures
Fairy Tail,7.61,1267,38,"Action, Adventure, Comedy, Magic, Fantasy, Shounen",175,"Oct 12, 2009","Mar 30, 2013","TV Tokyo, Dentsu, Pony Canyon, Kodansha, DAX Production, Sakura Create","Satelight, A-1 Pictures"
Fairy Tail (2014),7.68,1094,136,"Action, Adventure, Comedy, Fantasy, Magic, Shounen",102,"Apr 5, 2014","Mar 26, 2016","TV Tokyo, Dentsu","A-1 Pictures, Bridge"
Fairy Tail: Final Series,7.53,1517,419,"Action, Adventure, Comedy, Magic, Fantasy, Shounen",51,"Oct 7, 2018","Sep 29, 2019","TV Tokyo, Dentsu, Kodansha, Avex Pictures","A-1 Pictures, Bridge, CloverWorks"
Fate/Grand Order: Zettai Majuu Sensen Babylonia,7.94,620,867,"Action, Supernatural, Magic, Fantasy",21,"Oct 5, 2019","Mar 21, 2020","Aniplex, Notes, Delightworks, FILMONY",CloverWorks
Fate/stay night,7.31,2340,135,"Action, Supernatural, Magic, Romance, Fantasy",24,"Jan 7, 2006","Jun 17, 2006","Geneon Universal Entertainment, Frontier Works, TBS, KlockWorx, Notes",Studio Deen
Fate/stay night Movie: Heaven's Feel - I. Presage Flower,8.22,287,486,"Action, Fantasy, Magic, Supernatural",1,"Oct 14, 2017",?,"Aniplex, Notes, Kadokawa",ufotable
Fate/stay night Movie: Heaven's Feel - II. Lost Butterfly,8.56,85,637,"Action, Fantasy, Magic, Supernatural",1,"Jan 12, 2019",?,"Aniplex, Notes, Kadokawa",ufotable
Fate/stay night Movie: Heaven's Feel - III. Spring Song,8.77,33,816,"Action, Supernatural, Magic, Fantasy",1,"Aug 15, 2020",?,"Aniplex, Notes, Kadokawa",ufotable
Fate/stay night: Unlimited Blade Works,8.20,316,125,"Action, Supernatural, Magic, Fantasy",12,"Oct 12, 2014","Dec 28, 2014","Aniplex, Notes",ufotable
Fate/stay night: Unlimited Blade Works 2nd Season,8.33,203,170,"Action, Fantasy, Magic, Supernatural",13,"Apr 5, 2015","Jun 28, 2015","Aniplex, Notes",ufotable
Fate/Zero,8.31,221,62,"Action, Supernatural, Magic, Fantasy",13,"Oct 2, 2011","Dec 25, 2011","Aniplex, Nitroplus, Seikaisha, Notes",ufotable
Fate/Zero 2nd Season,8.58,76,111,"Action, Supernatural, Magic, Fantasy",12,"Apr 8, 2012","Jun 24, 2012","Aniplex, Nitroplus, Seikaisha, Notes",ufotable
Fruits Basket,9.08,6,687,"Slice of Life, Comedy, Supernatural, Drama, Romance, Shoujo",13,"Apr 6, 2021","Jun 29, 2021","TV Tokyo, TV Osaka, Nihon Ad Systems, Hakusensha, Avex Pictures, TMS Music",TMS Entertainment
Fruits Basket 1st Season,8.22,288,278,"Slice of Life, Comedy, Supernatural, Drama, Romance, Shoujo",25,"Apr 6, 2019","Sep 21, 2019","TV Tokyo, TV Osaka, Nihon Ad Systems, Hakusensha, Avex Pictures, TMS Music",TMS Entertainment
Fullmetal Alchemist,8.14,375,58,"Action, Adventure, Comedy, Drama, Fantasy, Magic, Military, Shounen",51,"Oct 4, 2003","Oct 2, 2004","Aniplex, Dentsu, Square Enix, Mainichi Broadcasting System",Bones
Fullmetal Alchemist: Brotherhood,9.16,2,3,"Action, Military, Adventure, Comedy, Drama, Magic, Fantasy, Shounen",64,"Apr 5, 2009","Jul 4, 2010","Aniplex, Square Enix, Mainichi Broadcasting System, Studio Moriken",Bones
Gake no Ue no Ponyo,7.89,705,365,"Adventure, Fantasy",1,"Jul 19, 2008",?,"Dentsu, d-rights, Toho",Studio Ghibli
Gamers!,6.84,4381,289,"Game, Comedy, Romance, School",12,"Jul 13, 2017","Sep 28, 2017","Sony Pictures Entertainment, Frontier Works, Sotsu, Kadokawa Shoten, AT-X, NBCUniversal Entertainment Japan, Tokyo MX, i0+, Chugai Mining, BS11",Pine Jam
Gintama,8.95,15,123,"Action, Comedy, Historical, Parody, Samurai, Sci-Fi, Shounen",201,"Apr 4, 2006","Mar 25, 2010","TV Tokyo, Aniplex, Dentsu, Trinity Sound, Audio Highs, Miracle Robo, Shueisha",Sunrise
Gintama°,8.95,15,123,"Action, Comedy, Historical, Parody, Samurai, Sci-Fi, Shounen",201,"Apr 4, 2006","Mar 25, 2010","TV Tokyo, Aniplex, Dentsu, Trinity Sound, Audio Highs, Miracle Robo, Shueisha",Sunrise
Girls & Panzer,7.53,1521,686,"Action, Military, Sports, School",12,"Oct 9, 2012","Mar 25, 2013","Lantis, Movic, Showgate, Cyclone Graphics",Actas
Gleipnir,7.02,3668,466,"Action, Mystery, Supernatural, Ecchi, Seinen",13,"Apr 5, 2020","Jun 28, 2020","Kodansha, bilibili, Good Smile Film",Pine Jam
Goblin Slayer,7.43,1854,129,"Action, Adventure, Fantasy",12,"Oct 7, 2018","Dec 30, 2018","Sony Pictures Entertainment, Frontier Works, AT-X, SoftBank Creative, Bushiroad, Hakuhodo DY Music & Pictures, Good Smile Film, Artist Management Office",White Fox
Golden Time,7.76,911,134,"Comedy, Drama, Romance",24,"Oct 4, 2013","Mar 28, 2014","Genco, Starchild Records",J.C.Staff
Great Pretender,8.31,222,373,"Action, Adventure, Mystery, Comedy, Psychological",23,"Jul 9, 2020","Dec 17, 2020","Production I.G, Fuji TV, BS Fuji, TOHO animation, Hakuhodo DY Media Partners",Wit Studio
Grisaia no Kajitsu,7.52,1548,309,"Drama, Harem, Psychological, Romance, School",13,"Oct 5, 2014","Dec 28, 2014","Frontier Works, AT-X, Bushiroad, NBCUniversal Entertainment Japan, Front Wing",8bit
Guilty Crown,7.47,1713,89,"Action, Sci-Fi, Super Power, Drama, Romance, Mecha",22,"Oct 14, 2011","Mar 23, 2012","Aniplex, Dentsu, Movic, Fuji TV, Fujipacific Music",Production I.G
Hagure Yuusha no Aesthetica,6.83,4436,461,"Action, Super Power, Ecchi, Fantasy",12,"Jul 6, 2012","Sep 21, 2012","Genco, Lantis, Media Factory, AT-X, Showgate",Arms
Haikyuu!!,8.47,122,37,"Comedy, Sports, Drama, School, Shounen",25,"Apr 6, 2014","Sep 21, 2014","Dentsu, Mainichi Broadcasting System, Movic, TOHO animation, Shueisha, Spacey Music Entertainment",Production I.G
Haikyuu!! Second Season,8.67,51,84,"Comedy, Sports, Drama, School, Shounen",25,"Oct 4, 2015","Mar 27, 2016","Dentsu, Mainichi Broadcasting System, Movic, Sony Music Entertainment, TOHO animation, Shueisha",Production I.G
Haikyuu!!: Karasuno Koukou vs. Shiratorizawa Gakuen Koukou,8.82,25,113,"Comedy, Sports, Drama, School, Shounen",10,"Oct 8, 2016","Dec 10, 2016","Dentsu, Mainichi Broadcasting System, Movic, Sony Music Entertainment, TOHO animation, Shueisha",Production I.G
Haikyuu!!: To the Top,8.36,177,215,"Comedy, Sports, Drama, School, Shounen",13,"Jan 11, 2020","Apr 4, 2020","Dentsu, Mainichi Broadcasting System, Movic, Sony Music Entertainment, TOHO animation, Shueisha",Production I.G
Hataraku Maou-sama!,7.80,849,64,"Comedy, Demons, Supernatural, Romance, Fantasy",13,"Apr 4, 2013","Jun 27, 2013","Sotsu, Lantis, Pony Canyon, Magic Capsule, Infinite",White Fox
Hataraku Saibou (TV),7.59,1341,297,"Comedy, Shounen",13,"Jul 8, 2018","Sep 30, 2018","Aniplex, Kodansha, Magic Capsule",David Production
Hige wo Soru. Soshite Joshikousei wo Hirou.,7.36,2103,384,"Drama, Romance",13,"Apr 5, 2021","Jun 28, 2021","Pony Canyon, Magic Capsule, Dream Shift",Project No.9
Horimiya,8.22,291,152,"Slice of Life, Comedy, Romance, School, Shounen",13,"Jan 10, 2021","Apr 4, 2021","Aniplex, Square Enix, Mainichi Broadcasting System, Movic, Kanetsu Investment, My Theater D.D., Global Solutions, Mirai-Kojo",CloverWorks
Hotaru no Haka,8.51,104,304,"Drama, Historical",1,"Apr 16, 1988",?,"None found, add some",Studio Ghibli
Hotarubi no Mori e,8.34,191,200,"Drama, Romance, Shoujo, Supernatural",1,"Sep 17, 2011",?,"TV Tokyo, Aniplex, Nihon Ad Systems, Hakusensha, DAX Production",Brain's Base
Hyouka,8.12,401,83,"Mystery, School, Slice of Life",22,"Apr 23, 2012","Sep 17, 2012","Lantis, Kadokawa Shoten, KlockWorx, chara-ani.com, Animation Do",Kyoto Animation
Inuyashiki,7.67,1129,316,"Action, Drama, Psychological, Sci-Fi, Seinen",11,"Oct 13, 2017","Dec 22, 2017","Aniplex, Dentsu, Kodansha, Fuji TV, DMM pictures",MAPPA
Isekai Maou to Shoukan Shoujo no Dorei Majutsu,6.93,4018,276,"Comedy, Ecchi, Fantasy, Harem, Magic",12,"Jul 5, 2018","Sep 20, 2018","Sotsu, Kodansha, Half H.P Studio, AT-X, KlockWorx, DIVE II Entertainment, 81 Produce, Tokyo MX, Avex Pictures, Q-Tec, Animatic, Eswood",Ajia-Do
Isekai Maou to Shoukan Shoujo no Dorei Majutsu Ω,6.93,4018,276,"Comedy, Ecchi, Fantasy, Harem, Magic",12,"Jul 5, 2018","Sep 20, 2018","Sotsu, Kodansha, Half H.P Studio, AT-X, KlockWorx, DIVE II Entertainment, 81 Produce, Tokyo MX, Avex Pictures, Q-Tec, Animatic, Eswood",Ajia-Do
Isekai Quartet,7.42,1876,519,"Comedy, Fantasy, Parody",12,"Apr 10, 2019","Jun 26, 2019",Kadokawa,Studio PuYUKAI
Isekai Shokudou,7.35,2174,994,"Slice of Life, Fantasy",12,"Jul 4, 2017","Sep 19, 2017","TV Tokyo, Sotsu, flying DOG, Nikkatsu, Avex Pictures, Dai Nippon Printing, Shufunotomo",SILVER LINK.
Isekai wa Smartphone to Tomo ni.,6.19,7664,390,"Adventure, Harem, Comedy, Magic, Romance, Fantasy",12,"Jul 11, 2017","Sep 26, 2017","Sotsu, MediaNet, Pony Canyon, AT-X, Asmik Ace, Hobby Japan, 81 Produce, Tokyo MX, Exit Tunes",Production Reed
Isshuukan Friends.,7.55,1461,612,"Slice of Life, Comedy, School, Shounen",12,"Apr 7, 2014","Jun 23, 2014","Nihon Ad Systems, Pony Canyon, DAX Production, TOHO animation",Brain's Base
Itai no wa Iya nano de Bougyoryoku ni Kyokufuri Shitai to Omoimasu.,7.56,1423,470,"Action, Game, Sci-Fi, Adventure, Comedy, Fantasy",12,"Jan 8, 2020","Mar 25, 2020","AT-X, MAGES., Docomo Anime Store, Sammy, ABC Animation, Kadokawa Media House, Kadokawa, D-techno",SILVER LINK.
Itazura na Kiss,7.48,1672,693,"Comedy, Romance, Shoujo",25,"Apr 5, 2008","Sep 25, 2008","Bandai Visual, Trinity Sound",TMS Entertainment
Itsudatte Bokura no Koi wa 10 cm Datta.,7.49,1656,993,"Comedy, Drama, Romance, School",6,"Nov 25, 2017","Dec 30, 2017","Aniplex, Movic, Magic Capsule, Lawson, Music Ray'n, Kadokawa, INCS toenter, Yoshimoto Creative Agency",Lay-duce
Jaku-Chara Tomozaki-kun,7.19,2917,753,"Drama, Romance, School",12,"Jan 8, 2021","Mar 26, 2021","Pony Canyon, APDREAM, Bit grooove promotion, Dream Shift",Project No.9
Joker Game,7.05,3555,907,"Military, Historical, Drama",12,"Apr 5, 2016","Jun 21, 2016","Frontier Works, Kadokawa Shoten, Movic, AT-X, Sony Music Communications, Hakuhodo DY Music & Pictures, Sammy",Production I.G
Josee to Tora to Sakana-tachi,8.58,78,982,"Slice of Life, Drama, Romance",1,"Dec 25, 2020",?,"Shochiku, Kadokawa, Sonilude",Bones
Jujutsu Kaisen (TV),8.75,36,48,"Action, Demons, Supernatural, School, Shounen",24,"Oct 3, 2020","Mar 27, 2021","Mainichi Broadcasting System, TOHO animation, Shueisha, dugout, Sumzap",MAPPA
Just Because!,7.26,2579,704,"Slice of Life, Drama, Romance, School",12,"Oct 5, 2017","Dec 28, 2017","Sotsu, AT-X, BS Fuji, NBCUniversal Entertainment Japan, Tokyo MX, Moonbell, INCS toenter",Pine Jam
Kaguya-sama wa Kokurasetai: Tensai-tachi no Renai Zunousen,8.41,155,76,"Comedy, Psychological, Romance, School, Seinen",12,"Jan 12, 2019","Mar 30, 2019","Aniplex, Mainichi Broadcasting System, Magic Capsule, Shueisha, JR East Marketing & Communications",A-1 Pictures
Kaguya-sama wa Kokurasetai?: Tensai-tachi no Renai Zunousen,8.41,155,76,"Comedy, Psychological, Romance, School, Seinen",12,"Jan 12, 2019","Mar 30, 2019","Aniplex, Mainichi Broadcasting System, Magic Capsule, Shueisha, JR East Marketing & Communications",A-1 Pictures
Kaichou wa Maid-sama!,8.03,518,93,"Comedy, Romance, School, Shoujo",26,"Apr 2, 2010","Sep 24, 2010","Geneon Universal Entertainment, TBS, Hakusensha, Half H.P Studio",J.C.Staff
Kaifuku Jutsushi no Yarinaoshi,6.31,7057,420,"Adventure, Harem, Drama, Magic, Ecchi, Fantasy",12,"Jan 13, 2021","Mar 31, 2021","Lantis, AT-X, Glovision, Docomo Anime Store, Kadokawa Media House, Kadokawa, Bandai Namco Arts",TNK
Kakegurui,7.31,2351,85,"Game, Mystery, Psychological, Drama, School, Shounen",12,"Jul 1, 2017","Sep 23, 2017","Dentsu, Square Enix, Mainichi Broadcasting System, Movic, KlockWorx, DIVE II Entertainment, 81 Produce, Avex Pictures, FuRyu",MAPPA
Kakegurui××,7.31,2351,85,"Game, Mystery, Psychological, Drama, School, Shounen",12,"Jul 1, 2017","Sep 23, 2017","Dentsu, Square Enix, Mainichi Broadcasting System, Movic, KlockWorx, DIVE II Entertainment, 81 Produce, Avex Pictures, FuRyu",MAPPA
Kakushigoto (TV),8.01,544,694,"Slice of Life, Comedy, Shounen",12,"Apr 2, 2020","Jun 18, 2020","Dentsu, Marvelous, Kodansha, AT-X, Studio Mausu, Tokyo MX, Avex Pictures, A-Sketch, GREE",Ajia-Do
"Kanojo, Okarishimasu",7.34,2191,211,"Comedy, Romance, School, Shounen",12,"Jul 11, 2020","Sep 26, 2020","Mainichi Broadcasting System, Kodansha, DMM pictures, DMM Music",TMS Entertainment
Karakai Jouzu no Takagi-san,7.73,984,362,"Slice of Life, Comedy, Romance, School, Shounen",12,"Jan 8, 2018","Mar 26, 2018","TMS Entertainment, Asatsu DK, Asmik Ace, TOHO animation, JR East Marketing & Communications",Shin-Ei Animation
Karakai Jouzu no Takagi-san 2,8.10,420,764,"Slice of Life, Comedy, Romance, School, Shounen",12,"Jul 7, 2019","Sep 22, 2019","Dentsu, TMS Entertainment, Asmik Ace, TOHO animation, Shogakukan, Sumitomo",Shin-Ei Animation
Kenja no Mago,6.57,5701,388,"Action, Comedy, Magic, Romance, Fantasy",12,"Apr 10, 2019","Jun 26, 2019","Sotsu, Docomo Anime Store, ABC Animation, Kadokawa",SILVER LINK.
Kill la Kill,8.07,467,46,"Action, Comedy, Super Power, Ecchi, School",24,"Oct 4, 2013","Mar 28, 2014","Aniplex, Dentsu, Kadokawa Shoten, Mainichi Broadcasting System, Movic, Ultra Super Pictures, Lucent Pictures Entertainment",Trigger
Kimetsu no Yaiba,8.58,79,14,"Action, Demons, Historical, Shounen, Supernatural",26,"Apr 6, 2019","Sep 28, 2019","Aniplex, Shueisha",ufotable
Kimi ni Todoke,8.00,553,161,"Slice of Life, Drama, Romance, School, Shoujo",25,"Oct 7, 2009","Mar 31, 2010","VAP, Nippon Television Network, Shueisha",Production I.G
Kimi ni Todoke 2nd Season,8.00,554,431,"Slice of Life, Drama, Romance, School, Shoujo",12,"Jan 12, 2011","Mar 30, 2011","VAP, Nippon Television Network, Shueisha",Production I.G
Kimi no Na wa.,8.90,20,9,"Romance, Supernatural, School, Drama",1,"Aug 26, 2016",?,"Toho, Sound Team Don Juan, Amuse, JR East Marketing & Communications, Kadokawa, voque ting",CoMix Wave Films
Kimi no Suizou wo Tabetai,8.58,80,222,"Slice of Life, Drama, Romance",1,"Sep 1, 2018",?,Aniplex,Studio VOLN
"Kimi to, Nami ni Noretara",7.60,1296,1348,"Drama, Romance, Supernatural",1,"Jun 21, 2019",?,Lawson Entertainment,Science SARU
Kiseijuu: Sei no Kakuritsu,8.37,176,40,"Action, Sci-Fi, Horror, Psychological, Drama, Seinen",24,"Oct 9, 2014","Mar 26, 2015","VAP, Kodansha, Nippon Television Network, Forecast Communications",Madhouse
Kishuku Gakkou no Juliet,7.46,1742,626,"Action, Comedy, Romance, School, Shounen",12,"Oct 6, 2018","Dec 22, 2018",NBCUniversal Entertainment Japan,LIDENFILMS
Kobayashi-san Chi no Maid Dragon,8.00,555,109,"Slice of Life, Comedy, Fantasy",13,"Jan 12, 2017","Apr 6, 2017","Lantis, Pony Canyon, ABC Animation",Kyoto Animation
Koe no Katachi,8.97,13,23,"Drama, School, Shounen",1,"Sep 17, 2016",?,"Shochiku, Pony Canyon, Kodansha, ABC Animation, Quaras",Kyoto Animation
Koi to Uso,6.54,5846,506,"Drama, Romance, School",12,"Jul 4, 2017","Sep 19, 2017","Frontier Works, Pony Canyon, Kodansha, Ultra Super Pictures, Memory-Tech, Amuse, Hakuhodo DY Music & Pictures, Animatic, DeNA, A-Sketch",LIDENFILMS
Kokoro Connect,7.80,853,164,"Slice of Life, Comedy, Supernatural, Drama, Romance, School",13,"Jul 8, 2012","Sep 30, 2012","Starchild Records, Enterbrain",SILVER LINK.
Konbini Kareshi,6.28,7207,1873,"Slice of Life, Romance",12,"Jul 7, 2017","Sep 29, 2017","VAP, Dentsu, TBS, chara-ani.com, Pierrot Plus, Being, Gzbrain, Cocoro Free, Tosho Printing",Studio Pierrot
Kono Bijutsubu ni wa Mondai ga Aru!,7.22,2758,709,"Comedy, Romance, School, Seinen",12,"Jul 8, 2016","Sep 23, 2016","TBS, DAX Production, ASCII Media Works, King Records",feel.
Kono Subarashii Sekai ni Shukufuku wo!,8.14,379,34,"Adventure, Comedy, Parody, Supernatural, Fantasy",10,"Jan 14, 2016","Mar 17, 2016","Half H.P Studio, Nippon Columbia, KlockWorx, Sony Music Communications, Toranoana, 81 Produce, Kadokawa Media House",Studio Deen
Kono Subarashii Sekai ni Shukufuku wo! 2,8.29,237,77,"Adventure, Comedy, Parody, Supernatural, Fantasy",10,"Jan 12, 2017","Mar 16, 2017","Kadokawa Shoten, Nippon Columbia, KlockWorx, Sony Music Communications, Toranoana, 81 Produce, Kadokawa Media House",Studio Deen
Kotonoha no Niwa,7.97,592,184,"Slice of Life, Psychological, Drama, Romance",1,"May 31, 2013",?,"The Answer Studio, TOHO animation",CoMix Wave Films
"Kumo Desu ga, Nani ka?",7.46,1745,633,"Action, Adventure, Comedy, Fantasy, Magic, Mystery",24,"Jan 8, 2021","Jul 3, 2021",Kadokawa,Millepensee
"Kumo no Mukou, Yakusoku no Basho",7.52,1559,914,"Drama, Military, Romance, Sci-Fi",1,"Nov 20, 2004",?,"None found, add some",CoMix Wave Films
Kuroko no Basket,8.10,421,106,"Comedy, Sports, School, Shounen",25,"Apr 8, 2012","Sep 22, 2012","Bandai Visual, Lantis, Nihon Ad Systems, Mainichi Broadcasting System, Banpresto, Shueisha, BS11",Production I.G
Kuroko no Basket 2nd Season,8.25,268,187,"Comedy, Sports, School, Shounen",25,"Oct 6, 2013","Mar 30, 2014","Bandai Visual, Lantis, Nihon Ad Systems, Banpresto, Shueisha, BS11",Production I.G
Kuroko no Basket 3rd Season,8.31,223,236,"Comedy, Sports, School, Shounen",25,"Jan 11, 2015","Jun 30, 2015","Bandai Visual, Lantis, Nihon Ad Systems, Banpresto, Shueisha, BS11",Production I.G
Kyuukyoku Shinka shita Full Dive RPG ga Genjitsu yori mo Kusoge Dattara,6.51,6036,1111,"Action, Game, Comedy, Fantasy",12,"Apr 7, 2021","Jun 23, 2021","Kadokawa, Bit grooove promotion",ENGI
Listeners,5.37,10588,2350,"Action, Mecha, Music, Sci-Fi",12,"Apr 4, 2020","Jun 20, 2020","Mainichi Broadcasting System, Slow Curve, DMM pictures, dugout, DMM Music",MAPPA
Liz to Aoi Tori,8.20,319,1615,"Drama, Music, School",1,"Apr 21, 2018",?,"Lantis, Shochiku, Pony Canyon, Rakuonsha, Bandai Namco Arts",Kyoto Animation
Log Horizon,7.97,593,105,"Action, Game, Adventure, Magic, Fantasy",25,"Oct 5, 2013","Mar 22, 2014",NHK,Satelight
Log Horizon 2nd Season,7.60,1298,286,"Action, Game, Adventure, Magic, Fantasy",25,"Oct 4, 2014","Mar 28, 2015",NHK,Studio Deen
Log Horizon: Entaku Houkai,7.04,3585,957,"Action, Game, Adventure, Magic, Fantasy",12,"Jan 13, 2021","Mar 31, 2021","None found, add some",Studio Deen
Lovely★Complex,8.04,502,325,"Comedy, Romance, Shoujo",24,"Apr 7, 2007","Sep 29, 2007","TBS, TAP, Sony Music Entertainment, Shueisha, Nichion",Toei Animation
Magic Kaito,7.79,873,2200,"Adventure, Comedy, Romance, Shounen",12,"Apr 17, 2010","Dec 29, 2012","None found, add some",TMS Entertainment
Mahouka Koukou no Rettousei,7.47,1722,122,"Action, Magic, Romance, School, Sci-Fi, Supernatural",26,"Apr 6, 2014","Sep 28, 2014","Aniplex, Square Enix, Movic, ASCII Media Works",Madhouse
Mahouka Koukou no Rettousei: Raihousha-hen,7.28,2476,678,"Action, Sci-Fi, Supernatural, Magic, Romance, School",13,"Oct 4, 2020","Dec 27, 2020","Aniplex, Square Enix, Movic, Studio Mausu, Straight Edge, Kadokawa",8bit
Majo no Takkyuubin,8.22,293,359,"Adventure, Comedy, Drama, Magic, Fantasy",1,"Jul 29, 1989",?,"None found, add some",Studio Ghibli
Masamune-kun no Revenge,6.78,4662,205,"Comedy, Harem, Romance, School, Shounen",12,"Jan 5, 2017","Mar 23, 2017","Sotsu, Lantis, AT-X, KlockWorx, BS Fuji, Tokyo MX, Ichijinsha, FuRyu, Crunchyroll SC Anime Fund",SILVER LINK.
Metal Fight Beyblade,6.76,4750,2003,"Adventure, Comedy, Sports, Kids",51,"Apr 5, 2009","Mar 28, 2010","None found, add some","Tatsunoko Production, SynergySP, Seven"
Metal Fight Beyblade: Baku,6.85,4373,2821,"Adventure, Comedy, Sports, Kids",51,"Apr 4, 2010","Mar 27, 2011","None found, add some","Tatsunoko Production, SynergySP"
Mirai Nikki (TV),7.49,1660,24,"Action, Mystery, Psychological, Supernatural, Thriller, Shounen",26,"Oct 9, 2011","Apr 15, 2012","Lantis, Kadokawa Shoten, Rakuonsha, Kadokawa Pictures Japan, KlockWorx, chara-ani.com, 12 Diary Holders, Dwango, Sakura Create",asread.
Mirai Nikki: Redial,7.35,2178,530,"Action, Psychological, Supernatural, Shounen",1,"Jun 19, 2013",?,"None found, add some",asread.
Momokuri,7.09,3328,1825,"Comedy, Romance, Slice of Life",26,"Dec 24, 2015","Feb 4, 2016","Lantis, comico",Satelight
Mondaiji-tachi ga Isekai kara Kuru Sou Desu yo?,7.51,1571,314,"Action, Comedy, Fantasy, Supernatural",10,"Jan 12, 2013","Mar 16, 2013","Kadokawa Shoten, Nippon Columbia, flying DOG",Diomedéa
Munou na Nana,7.24,2675,785,"Psychological, Shounen, Super Power, Supernatural, Thriller",13,"Oct 4, 2020","Dec 27, 2020","Square Enix, AT-X, Nippon Columbia, BS Fuji, Hakuhodo DY Music & Pictures, Docomo Anime Store, Yomiuri TV Enterprise, Kanon Sound, NichiNare, Kadokawa, Show Corporation",Bridge
Mushishi,8.68,49,181,"Adventure, Slice of Life, Mystery, Historical, Supernatural, Fantasy, Seinen",26,"Oct 23, 2005","Jun 19, 2006","Avex Entertainment, Marvelous, SKY Perfect Well Think, Delfi Sound",Artland
Mushoku Tensei: Isekai Ittara Honki Dasu,8.37,171,210,"Drama, Magic, Ecchi, Fantasy",11,"Jan 11, 2021","Mar 22, 2021","Frontier Works, TOHO animation, Hakuhodo DY Music & Pictures, BS11, Egg Firm, Kadokawa, GREE, Toho Music",Studio Bind
Nakitai Watashi wa Neko wo Kaburu,7.35,2140,667,"Comedy, Supernatural, Drama, Romance, School",1,"Jun 18, 2020",?,"Fuji TV, Toho, BS Fuji, TOHO animation, Universal Music Japan, Fuji Creative, Kadokawa, KDDI, Twin Engine, FILMONY, Dentsu Meitetsu Communications",Studio Colorido
Nanatsu no Taizai,7.77,893,25,"Action, Adventure, Supernatural, Magic, Fantasy, Shounen",24,"Oct 5, 2014","Mar 29, 2015","Aniplex, Dentsu, Mainichi Broadcasting System, Kodansha, Movic",A-1 Pictures
Nanatsu no Taizai: Kamigami no Gekirin,6.44,6391,283,"Action, Adventure, Supernatural, Magic, Fantasy, Shounen",24,"Oct 9, 2019","Mar 25, 2020","TV Tokyo, VAP, Dentsu, Kodansha, Movic, Sammy","Studio Deen, Marvy Jack"
Nande Koko ni Sensei ga!?,6.49,6093,685,"Comedy, Ecchi, School, Seinen",12,"Apr 8, 2019","Jun 24, 2019","None found, add some",Tear Studio
Naruto,7.94,626,8,"Action, Adventure, Comedy, Super Power, Martial Arts, Shounen",220,"Oct 3, 2002","Feb 8, 2007","TV Tokyo, Aniplex, Shueisha",Studio Pierrot
Naruto: Shippuuden,8.20,321,16,"Action, Adventure, Comedy, Super Power, Martial Arts, Shounen",500,"Feb 15, 2007","Mar 23, 2017","TV Tokyo, Aniplex, KSS, Rakuonsha, TV Tokyo Music, Shueisha",Studio Pierrot
Natsume Yuujinchou,8.32,210,349,"Slice of Life, Demons, Supernatural, Drama, Shoujo",13,"Jul 8, 2008","Sep 30, 2008","Aniplex, Nihon Ad Systems, TV Tokyo Music, Sony Music Entertainment",Brain's Base
Net-juu no Susume,7.59,1313,426,"Game, Comedy, Romance",10,"Oct 10, 2017","Dec 12, 2017","DAX Production, flying DOG, Sony Music Communications, Tokyo MX, comico, JR East Marketing & Communications, Crunchyroll SC Anime Fund",Signal.MD
Nijiiro Days,7.30,2393,905,"Comedy, Romance, School, Shoujo, Slice of Life",24,"Jan 10, 2016","Jun 26, 2016","YTV, Tokuma Japan, Daiichikosho, Shueisha",Production Reed
Nisekoi,7.61,1253,102,"Harem, Comedy, Romance, School, Shounen",20,"Jan 11, 2014","May 24, 2014","Aniplex, Mainichi Broadcasting System, Shueisha",Shaft
No Game No Life,8.14,380,13,"Game, Adventure, Comedy, Supernatural, Ecchi, Fantasy",12,"Apr 9, 2014","Jun 25, 2014","Frontier Works, Media Factory, Movic, AT-X",Madhouse
No Game No Life: Zero,8.26,255,176,"Game, Supernatural, Drama, Romance, Fantasy",1,"Jul 15, 2017",?,"Frontier Works, Movic, AT-X, Kadokawa",Madhouse
Noragami,7.98,574,20,"Action, Adventure, Comedy, Supernatural, Shounen",12,"Jan 5, 2014","Mar 23, 2014","Avex Entertainment, Dentsu, Shochiku, Kodansha, Movic, Ai Addiction, Lawson HMV Entertainment, A-Sketch",Bones
Noragami Aragoto,8.19,324,75,"Action, Adventure, Comedy, Supernatural, Shounen",13,"Oct 3, 2015","Dec 26, 2015","Dentsu, Shochiku, Kodansha, Ai Addiction, Avex Pictures, A-Sketch",Bones
Odd Taxi,8.80,29,981,Mystery,13,"Apr 6, 2021","Jun 29, 2021","Pony Canyon, Pony Canyon Enterprise","OLM, P.I.C.S."
One Punch Man,8.53,95,5,"Action, Sci-Fi, Comedy, Parody, Super Power, Supernatural",12,"Oct 5, 2015","Dec 21, 2015","TV Tokyo, Bandai Visual, Lantis, Asatsu DK, Banpresto, Good Smile Company, Shueisha, JR East Marketing & Communications",Madhouse
One Punch Man 2nd Season,7.42,1885,71,"Action, Sci-Fi, Comedy, Parody, Super Power, Supernatural",12,"Apr 10, 2019","Jul 3, 2019","TV Tokyo, Good Smile Company, Shueisha, JR East Marketing & Communications, Bandai Namco Arts, Bandai Spirits",J.C.Staff
Orange,7.62,1243,208,"Sci-Fi, Drama, Romance, School, Shoujo",13,"Jul 4, 2016","Sep 26, 2016","TMS Entertainment, DAX Production, TOHO animation, Lawson, ABC Animation, MediaLink Entertainment Limited",Telecom Animation Film
Ore Monogatari!!,7.93,633,274,"Comedy, Romance, Shoujo",24,"Apr 9, 2015","Sep 24, 2015","VAP, Nippon Television Network, Shueisha",Madhouse
Ore no Kanojo to Osananajimi ga Shuraba Sugiru,7.00,3757,345,"Comedy, Harem, Romance, School",13,"Jan 6, 2013","Mar 31, 2013","Aniplex, Magic Capsule, SoftBank Creative",A-1 Pictures
Ouran Koukou Host Club,8.18,341,107,"Comedy, Harem, Romance, School, Shoujo",26,"Apr 5, 2006","Sep 27, 2006","VAP, Hakusensha, Nippon Television Network",Bones
Overlord,7.93,634,72,"Action, Adventure, Fantasy, Game, Magic, Supernatural",13,"Jul 7, 2015","Sep 29, 2015","AT-X, Grooove, Hakuhodo DY Music & Pictures, Kadokawa",Madhouse
Overlord II,7.76,921,155,"Action, Game, Adventure, Supernatural, Magic, Fantasy",13,"Jan 9, 2018","Apr 3, 2018","AT-X, Enterbrain, Grooove, Hakuhodo DY Music & Pictures, NTT Plala, Kadokawa",Madhouse
Overlord III,7.92,662,207,"Action, Game, Supernatural, Magic, Fantasy",13,"Jul 10, 2018","Oct 2, 2018",Kadokawa,Madhouse
Plastic Memories,7.93,635,154,"Sci-Fi, Drama, Romance",13,"Apr 5, 2015","Jun 28, 2015","Aniplex, Movic, AT-X, ASCII Media Works, Bushiroad, MAGES., Asahi Broadcasting, BS11",Doga Kobo
Pokemon,7.35,2141,295,"Action, Adventure, Comedy, Kids, Fantasy",276,"Apr 1, 1997","Nov 14, 2002","TV Tokyo, TV Tokyo Music, Studio Jack",OLM
Pokemon Advanced Generation,7.09,3335,1092,"Action, Adventure, Comedy, Kids, Fantasy",192,"Nov 21, 2002","Sep 14, 2006","TV Tokyo, Shogakukan-Shueisha Productions, TV Tokyo Music, Studio Jack",OLM
Pokemon Generations,7.46,1752,2634,"Action, Adventure, Fantasy, Game, Kids",18,"Dec 9, 2016","Feb 2, 2017","None found, add some",OLM
Pokemon Movie 01: Mewtwo no Gyakushuu,7.63,1213,784,"Action, Adventure, Comedy, Kids, Drama, Fantasy",1,"Jul 18, 1998",?,"TV Tokyo, Shogakukan-Shueisha Productions, Imagica, Studio Jack",OLM
Pokemon Movie 02: Maboroshi no Pokemon Lugia Bakutan,7.34,2203,1057,"Adventure, Comedy, Kids, Drama, Fantasy",1,"Jul 17, 1999",?,Studio Jack,OLM
Pokemon XY,7.30,2397,1307,"Action, Adventure, Comedy, Fantasy, Kids",93,"Oct 17, 2013","Oct 22, 2015",TV Tokyo,OLM
Psycho-Pass,8.36,180,52,"Action, Sci-Fi, Police, Psychological, Thriller",22,"Oct 12, 2012","Mar 22, 2013","Dentsu, Fuji TV, Nitroplus, Sony Music Entertainment, TOHO animation, Kyoraku Industrial Holdings",Production I.G
Rakudai Kishi no Cavalry,7.49,1638,158,"Action, Romance, Ecchi, Fantasy, School",12,"Oct 3, 2015","Dec 19, 2015","Frontier Works, Media Factory, AT-X, flying DOG, Hakuhodo DY Music & Pictures, Animatic, SB Creative","SILVER LINK., Nexus"
Re:Zero kara Hajimeru Isekai Seikatsu,8.27,248,22,"Psychological, Drama, Thriller, Fantasy",25,"Apr 4, 2016","Sep 19, 2016","TV Tokyo, Media Factory, Kadokawa Shoten, AT-X, Magic Capsule, Memory-Tech, Hakuhodo DY Music & Pictures",White Fox
Re:Zero kara Hajimeru Isekai Seikatsu 2nd Season,8.42,145,138,"Psychological, Drama, Thriller, Fantasy",13,"Jul 8, 2020","Sep 30, 2020","AT-X, Memory-Tech, Hakuhodo DY Music & Pictures, Kadokawa Media House, Kadokawa",White Fox
Re:Zero kara Hajimeru Isekai Seikatsu 2nd Season Part 2,8.55,88,252,"Drama, Fantasy, Psychological, Thriller",12,"Jan 6, 2021","Mar 24, 2021",Kadokawa,White Fox
ReLIFE,8.01,534,131,"Slice of Life, Drama, Romance, School",13,"Jul 2, 2016","Sep 24, 2016","Aniplex, Half H.P Studio, comico, Hakuhodo DY Media Partners, Lawson, C & I entertainment, TMS Music",TMS Entertainment
ReLIFE: Kanketsu-hen,8.21,302,587,"Romance, School, Slice of Life",4,"Mar 21, 2018",?,"comico, TMS Music",TMS Entertainment
Renai Boukun,6.66,5247,552,"Harem, Comedy, Supernatural, Romance, Ecchi, School",12,"Apr 7, 2017","Jun 23, 2017","TV Tokyo, Sotsu, Half H.P Studio, DIVE II Entertainment, Avex Pictures",EMT Squared
Rokudenashi Majutsu Koushi to Akashic Records,7.17,2968,262,"Action, Magic, Fantasy, School",12,"Apr 4, 2017","Jun 20, 2017","Media Factory, AT-X, Kadokawa Pictures Japan, Ultra Super Pictures, Tohokushinsha Film Corporation, Sony Music Communications, Fujimi Shobo, Kanetsu Investment",LIDENFILMS
Saenai Heroine no Sodatekata,7.51,1578,293,"Harem, Comedy, Romance, Ecchi, School",12,"Jan 16, 2015","Mar 27, 2015","Aniplex, Dentsu, Fuji TV, Half H.P Studio, Cospa, Fujipacific Music, Good Smile Company, Kyoraku Industrial Holdings, Kansai Telecasting, Fujimi Shobo",A-1 Pictures
Saenai Heroine no Sodatekata ♭,7.79,857,598,"Harem, Comedy, Romance, Ecchi, School",11,"Apr 14, 2017","Jun 23, 2017","Aniplex, Dentsu, Fuji TV, Cospa, Good Smile Company, Kansai Telecasting, Fujimi Shobo",A-1 Pictures
Sakamoto Desu ga?,7.58,1364,221,"Slice of Life, Comedy, School, Seinen",12,"Apr 8, 2016","Jul 1, 2016","Kadokawa Shoten, TBS, DAX Production, Daiichikosho, King Records, NichiNare",Studio Deen
Sakasama no Patema,8.01,535,711,"Adventure, Sci-Fi",1,"Nov 9, 2013",?,"Directions, Asmik Ace, Good Smile Company","Studio Rikka, Purple Cow Studio Japan"
Sakura-sou no Pet na Kanojo,8.14,383,90,"Slice of Life, Comedy, Drama, Romance, School",24,"Oct 9, 2012","Mar 26, 2013","Frontier Works, Genco, Media Factory, Animax, Mainichi Broadcasting System, ASCII Media Works, Sony Music Communications",J.C.Staff
Sakurada Reset,7.36,2127,1312,"Mystery, Super Power, Supernatural, School",24,"Apr 5, 2017","Sep 13, 2017","Media Factory, flying DOG, Asmik Ace, Showgate, Teichiku Entertainment, Hakuhodo DY Music & Pictures, Kansai Telecasting, BS11, Sony PCL, Radio Osaka, A-Sketch, Parco, e-notion",David Production
Sakurako-san no Ashimoto ni wa Shitai ga Umatteiru,7.43,1831,924,"Drama, Mystery, Thriller",12,"Oct 8, 2015","Dec 24, 2015","Lantis, DAX Production",TROYCA
Sayonara no Asa ni Yakusoku no Hana wo Kazarou,8.43,136,548,"Drama, Fantasy",1,"Feb 24, 2018",?,"Bandai Visual, Lantis, Rakuonsha, Showgate, Hakuhodo DY Music & Pictures, Cygames, Shout! Factory",P.A. Works
School Rumble,7.91,674,564,"Comedy, Romance, School, Shounen",26,"Oct 5, 2004","Mar 29, 2005","TV Tokyo, Sotsu, Marvelous, Starchild Records, Media Factory, DAX Production, Studio Jack",Studio Comet
Seiren,6.29,7132,939,"Romance, School",12,"Jan 6, 2017","Mar 24, 2017","Pony Canyon, TBS, DAX Production, Pony Canyon Enterprise, Stardust Promotion, GYAO!","Studio Gokumi, AXsiZ"
Seishun Buta Yarou wa Bunny Girl Senpai no Yume wo Minai,8.32,212,68,"Comedy, Supernatural, Drama, Romance, School",13,"Oct 4, 2018","Dec 27, 2018","Aniplex, Tokyo MX, Hakuhodo DY Music & Pictures, Nagoya Broadcasting Network, BS11, ABC Animation, Kadokawa",CloverWorks
Seishun Buta Yarou wa Yumemiru Shoujo no Yume wo Minai,8.65,56,327,"Drama, Romance, School, Supernatural",1,"Jun 15, 2019",?,"Aniplex, Tokyo MX, Hakuhodo DY Music & Pictures, Nagoya Broadcasting Network, BS11, ABC Animation, Kadokawa",CloverWorks
Sen to Chihiro no Kamikakushi,8.80,30,42,"Adventure, Supernatural, Drama",1,"Jul 20, 2001",?,Toho,Studio Ghibli
Shelter,8.32,213,574,"Sci-Fi, Music",1,"Oct 18, 2016",?,Half H.P Studio,A-1 Pictures
Shigatsu wa Kimi no Uso,8.69,48,21,"Music, Drama, Romance, School, Shounen",22,"Oct 10, 2014","Mar 20, 2015","Aniplex, Dentsu, Kodansha, Fuji TV, Kyoraku Industrial Holdings",A-1 Pictures
Shinchou Yuusha: Kono Yuusha ga Ore Tueee Kuse ni Shinchou Sugiru,7.52,1566,361,"Action, Adventure, Comedy, Fantasy",12,"Oct 2, 2019","Dec 27, 2019","AT-X, Kadokawa Media House, Kadokawa, Legs",White Fox
Shingeki no Kyojin,8.51,108,2,"Action, Military, Mystery, Super Power, Drama, Fantasy, Shounen",25,"Apr 7, 2013","Sep 29, 2013","Dentsu, Mainichi Broadcasting System, Pony Canyon, Kodansha, Mad Box, Pony Canyon Enterprise","Production I.G, Wit Studio"
Shingeki no Kyojin Season 2,8.49,117,12,"Action, Military, Mystery, Super Power, Drama, Fantasy, Shounen",12,"Apr 1, 2017","Jun 17, 2017","Production I.G, Dentsu, Mainichi Broadcasting System, Pony Canyon, Kodansha, Techno Sound, Pony Canyon Enterprise",Wit Studio
Shingeki no Kyojin Season 3,8.51,108,2,"Action, Military, Mystery, Super Power, Drama, Fantasy, Shounen",25,"Apr 7, 2013","Sep 29, 2013","Dentsu, Mainichi Broadcasting System, Pony Canyon, Kodansha, Mad Box, Pony Canyon Enterprise","Production I.G, Wit Studio"
Shingeki no Kyojin Season 3 Part 2,9.10,3,36,"Action, Drama, Fantasy, Military, Mystery, Shounen, Super Power",10,"Apr 29, 2019","Jul 1, 2019","Production I.G, Dentsu, Mainichi Broadcasting System, Pony Canyon, Kodansha, Techno Sound, Pony Canyon Enterprise",Wit Studio
Shingeki no Kyojin: The Final Season,8.94,17,60,"Action, Military, Mystery, Super Power, Drama, Fantasy, Shounen",16,"Dec 7, 2020","Mar 29, 2021","Production I.G, Dentsu, Mainichi Broadcasting System, Pony Canyon, Kodansha, Techno Sound, Pony Canyon Enterprise",MAPPA
Shokugeki no Souma,8.22,298,53,"Ecchi, School, Shounen",24,"Apr 4, 2015","Sep 26, 2015","Dentsu, Frontier Works, Mainichi Broadcasting System, Magic Capsule, Warner Bros. Japan, KlockWorx, Showgate, Shueisha, I Will",J.C.Staff
Shokugeki no Souma: Gou no Sara,7.33,2232,442,"Ecchi, School, Shounen",13,"Apr 11, 2020","Sep 26, 2020","None found, add some",J.C.Staff
Shokugeki no Souma: Ni no Sara,8.15,364,110,"Ecchi, School, Shounen",13,"Jul 2, 2016","Sep 24, 2016","Dentsu, Lantis, Mainichi Broadcasting System, KlockWorx, Showgate, Shueisha",J.C.Staff
Shokugeki no Souma: San no Sara,8.07,460,148,"Ecchi, School, Shounen",12,"Oct 4, 2017","Dec 20, 2017","Lantis, Warner Bros. Japan, KlockWorx, Shueisha",J.C.Staff
Shokugeki no Souma: San no Sara - Tootsuki Ressha-hen,8.02,529,255,"Ecchi, School, Shounen",12,"Apr 9, 2018","Jun 25, 2018",Shueisha,J.C.Staff
Shokugeki no Souma: Shin no Sara,7.75,933,350,"Ecchi, School, Shounen",12,"Oct 12, 2019","Dec 28, 2019","Warner Bros. Japan, KlockWorx, Shueisha, Bandai Namco Arts",J.C.Staff
Skip Beat!,8.11,409,731,"Comedy, Drama, Romance, Shoujo",25,"Oct 6, 2008","Mar 30, 2009","Sotsu, Pony Canyon, Hakusensha, TV Tokyo Music",Hal Film Maker
"Slime Taoshite 300-nen, Shiranai Uchi ni Level Max ni Nattemashita",7.04,3597,759,"Slice of Life, Comedy, Fantasy",12,"Apr 10, 2021","Jun 26, 2021","Square Enix, Movic, AT-X, Nippon Columbia, KlockWorx, Studio Mausu, Bushiroad, Hakuhodo DY Music & Pictures, Medicos Entertainment, BS11, DMM.com, SB Creative",Revoroot
Sora no Aosa wo Shiru Hito yo,7.52,1568,1934,"Music, Supernatural, Drama, Romance",1,"Oct 11, 2019",?,"Aniplex, Fuji TV, Toho, Kadokawa, STORY, FILMONY",CloverWorks
Soul Eater,7.85,757,51,"Action, Fantasy, Comedy, Supernatural, Shounen",51,"Apr 7, 2008","Mar 30, 2009","TV Tokyo, Aniplex, Dentsu, Media Factory",Bones
Special A,7.53,1502,505,"Comedy, Romance, School, Shoujo",24,"Apr 7, 2008","Sep 15, 2008",Showgate,"Gonzo, AIC"
Steins;Gate,9.10,4,11,"Sci-Fi, Psychological, Drama, Thriller",24,"Apr 6, 2011","Sep 14, 2011","Frontier Works, Media Factory, Movic, AT-X, Kadokawa Pictures Japan, Nitroplus",White Fox
Steins;Gate 0,8.51,109,186,"Sci-Fi, Psychological, Drama, Thriller",23,"Apr 12, 2018","Sep 27, 2018","Frontier Works, Media Factory, Kadokawa Shoten, Movic",White Fox
Steins;Gate Movie: Fuka Ryouiki no Déjà vu,8.47,123,317,"Sci-Fi, Drama",1,"Apr 20, 2013",?,"Frontier Works, Media Factory, Movic, AT-X, Kadokawa Pictures Japan, MAGES.",White Fox
Suzumiya Haruhi no Yuuutsu,7.85,758,139,"Comedy, Mystery, Parody, School, Sci-Fi, Slice of Life",14,"Apr 3, 2006","Jul 3, 2006","Lantis, Kadokawa Shoten, Kadokawa Pictures Japan, KlockWorx",Kyoto Animation
Suzumiya Haruhi no Yuuutsu (2009),7.22,2778,344,"Comedy, Mystery, Parody, Romance, School, Sci-Fi, Slice of Life",14,"May 22, 2009","Sep 11, 2009",Kadokawa Shoten,Kyoto Animation
Sword Art Online,7.21,2798,4,"Action, Game, Adventure, Romance, Fantasy",25,"Jul 8, 2012","Dec 23, 2012","Aniplex, Genco, DAX Production, ASCII Media Works, Bandai Namco Games",A-1 Pictures
Sword Art Online Alternative: Gun Gale Online,7.02,3695,323,"Action, Fantasy, Game, Military, Sci-Fi",12,"Apr 8, 2018","Jul 1, 2018","Aniplex, Egg Firm",Studio 3Hz
Sword Art Online II,6.72,4956,28,"Action, Game, Adventure, Romance, Fantasy",24,"Jul 5, 2014","Dec 20, 2014","Aniplex, Genco, ASCII Media Works, Bandai Namco Games",A-1 Pictures
Sword Art Online Movie: Ordinal Scale,7.59,1321,240,"Action, Game, Adventure, Romance, Fantasy",1,"Feb 18, 2017",?,"Aniplex, Genco, ASCII Media Works, Bandai Namco Entertainment, Egg Firm",A-1 Pictures
Sword Art Online: Alicization,7.55,1444,143,"Action, Game, Adventure, Romance, Fantasy",24,"Oct 7, 2018","Mar 31, 2019","Aniplex, Genco, Bandai Namco Entertainment, Straight Edge, Kadokawa","A-1 Pictures, Egg Firm"
Sword Art Online: Alicization - War of Underworld,7.58,1366,282,"Action, Game, Adventure, Romance, Fantasy",12,"Oct 13, 2019","Dec 29, 2019","Aniplex, Bandai Namco Entertainment, Straight Edge, Kadokawa, Sonilude","A-1 Pictures, Egg Firm"
Sword Art Online: Alicization - War of Underworld 2nd Season,7.43,1834,386,"Action, Game, Adventure, Romance, Fantasy",11,"Jul 12, 2020","Sep 20, 2020","Aniplex, Bandai Namco Entertainment, Egg Firm, Straight Edge, Kadokawa",A-1 Pictures
Tamako Love Story,7.96,604,555,"Comedy, Romance, Slice of Life",1,"Apr 26, 2014",?,"Pony Canyon, TBS",Kyoto Animation
Tate no Yuusha no Nariagari,8.01,537,80,"Action, Adventure, Drama, Fantasy",25,"Jan 9, 2019","Jun 26, 2019","Frontier Works, AT-X, Nippon Columbia, Glovision, Good Smile Company, Sammy, Kadokawa Media House, NTT Plala, Kadokawa, Crunchyroll SC Anime Fund",Kinema Citrus
Tenki no Ko,8.35,184,201,"Slice of Life, Drama, Romance, Fantasy",1,"Jul 19, 2019",?,"Toho, Lawson HMV Entertainment, JR East Marketing & Communications, Kadokawa, voque ting, STORY, Lawson Entertainment",CoMix Wave Films
Tensei shitara Slime Datta Ken,8.10,425,104,"Action, Adventure, Comedy, Demons, Magic, Fantasy",24,"Oct 2, 2018","Mar 19, 2019","Lantis, Kodansha, BS11, Bandai Namco Arts, Micro Magazine Publishing",8bit
Tensei shitara Slime Datta Ken 2nd Season,8.41,148,256,"Action, Adventure, Comedy, Demons, Magic, Fantasy",12,"Jan 12, 2021","Mar 30, 2021",Kodansha,8bit
Toaru Majutsu no Index,7.40,1972,175,"Action, Magic, Sci-Fi, Super Power",24,"Oct 5, 2008","Mar 19, 2009","Geneon Universal Entertainment, Square Enix, AT-X, ASCII Media Works, Kadokawa Contents Gate",J.C.Staff
Toki wo Kakeru Shoujo,8.16,362,188,"Sci-Fi, Drama, Romance, School",1,"Jul 15, 2006",?,"Kadokawa Shoten, Bandai, Memory-Tech, Happinet Pictures",Madhouse
Tokyo Ghoul,7.80,855,7,"Action, Mystery, Horror, Psychological, Supernatural, Drama, Seinen",12,"Jul 4, 2014","Sep 19, 2014","Marvelous AQL, TC Entertainment, Shueisha",Studio Pierrot
Tokyo Ghoul √A,7.04,3598,43,"Action, Mystery, Horror, Psychological, Supernatural, Drama, Seinen",12,"Jan 9, 2015","Mar 27, 2015","Marvelous AQL, Shueisha",Studio Pierrot
Tokyo Ghoul:re,6.42,6528,119,"Action, Psychological, Supernatural, Mystery, Drama, Horror, Seinen",12,"Apr 3, 2018","Jun 19, 2018","Marvelous, TC Entertainment","Studio Pierrot, Pierrot Plus"
Tokyo Ghoul:re 2nd Season,6.37,6744,226,"Action, Drama, Horror, Mystery, Psychological, Seinen, Supernatural",12,"Oct 9, 2018","Dec 25, 2018","Marvelous, TC Entertainment, Shueisha","Studio Pierrot, Pierrot Plus"
Tokyo Magnitude 8.0,8.04,507,658,Drama,11,"Jul 10, 2009","Sep 18, 2009","Dentsu, Fuji TV, Toho, Asmik Ace, Sony Music Entertainment, Sakura Create","Bones, Kinema Citrus"
Tokyo Ravens,7.48,1683,382,"Action, Comedy, Supernatural, Magic, Romance, School",24,"Oct 9, 2013","Mar 26, 2014","Geneon Universal Entertainment, Movic, Bushiroad, Showgate, Tokyo MX, i0+, Fujimi Shobo",8bit
Tonari no Kaibutsu-kun,7.51,1582,118,"Comedy, Romance, School, Shoujo, Slice of Life",13,"Oct 2, 2012","Dec 25, 2012","TV Tokyo, Aniplex, Nihon Ad Systems, Kodansha",Brain's Base
Tonari no Totoro,8.28,246,127,"Adventure, Comedy, Supernatural",1,"Apr 16, 1988",?,Studio Fantasia,Studio Ghibli
Toradora!,8.16,363,18,"Slice of Life, Comedy, Romance, School",25,"Oct 2, 2008","Mar 26, 2009","Genco, Starchild Records, Magic Capsule, Yomiuri Advertising, TV Tokyo Music",J.C.Staff
Tsuki ga Kirei,8.13,385,375,"Romance, School",12,"Apr 7, 2017","Jun 30, 2017","Sotsu, Mainichi Broadcasting System, flying DOG",feel.
Tsurezure Children,7.62,1250,250,"Comedy, Romance, School, Shounen",12,"Jul 4, 2017","Sep 19, 2017","Nihon Ad Systems, Kodansha, Movic, KlockWorx, Sony Music Entertainment, King Records, BS11, Animatic, Marui Group",Studio Gokumi
Vinland Saga,8.72,41,114,"Action, Adventure, Historical, Drama, Seinen",24,"Jul 8, 2019","Dec 30, 2019","Production I.G, Dentsu, Kodansha, Twin Engine",Wit Studio
Violet Evergarden,8.65,58,57,"Slice of Life, Drama, Fantasy",13,"Jan 11, 2018","Apr 5, 2018","Lantis, Pony Canyon, Rakuonsha, ABC Animation",Kyoto Animation
Violet Evergarden Movie,8.87,23,565,"Slice of Life, Drama, Fantasy",1,"Sep 18, 2020",?,Shochiku,Kyoto Animation
Vivy: Fluorite Eye's Song,8.52,98,542,"Action, Music, Sci-Fi, Thriller",13,"Apr 3, 2021","Jun 19, 2021",Aniplex,Wit Studio
Wonder Egg Priority,7.93,636,300,"Drama, Fantasy, Psychological",12,"Jan 13, 2021","Mar 31, 2021","Aniplex, D.N. Dream Partners",CloverWorks
Working!!!,7.68,1105,418,"Comedy, Romance, Seinen, Slice of Life",13,"Apr 4, 2010","Jun 27, 2010","Aniplex, Rakuonsha",A-1 Pictures
Wotaku ni Koi wa Muzukashii,7.95,610,190,"Slice of Life, Comedy, Romance",11,"Apr 13, 2018","Jun 22, 2018","Aniplex, Dentsu, Fuji TV, Half H.P Studio, Ichijinsha, Kanetsu Investment, Christmas Holly",A-1 Pictures
Yahari Ore no Seishun Love Comedy wa Machigatteiru.,8.04,508,79,"Slice of Life, Comedy, Drama, Romance, School",13,"Apr 5, 2013","Jun 28, 2013","Geneon Universal Entertainment, TBS, Delfi Sound, Marvelous AQL, Atelier Musa",Brain's Base
Yahari Ore no Seishun Love Comedy wa Machigatteiru. Kan,8.41,149,313,"Slice of Life, Comedy, Drama, Romance, School",12,"Jul 10, 2020","Sep 25, 2020","Marvelous, TBS, Movic, Delfi Sound, NBCUniversal Entertainment Japan",feel.
Yahari Ore no Seishun Love Comedy wa Machigatteiru. Zoku,8.24,276,126,"Slice of Life, Comedy, Drama, Romance, School",13,"Apr 3, 2015","Jun 26, 2015","TBS, Marvelous AQL, NBCUniversal Entertainment Japan",feel.
Yakusoku no Neverland,8.59,71,41,"Sci-Fi, Mystery, Horror, Psychological, Thriller, Shounen",12,"Jan 10, 2019","Mar 29, 2019","Aniplex, Dentsu, Fuji TV, Shueisha, CA-Cygames Anime Fund",CloverWorks
Yakusoku no Neverland 2nd Season,5.49,10247,177,"Sci-Fi, Mystery, Psychological, Thriller, Shounen",11,"Jan 8, 2021","Mar 26, 2021","Aniplex, Shueisha",CloverWorks
Yamada-kun to 7-nin no Majo (TV),7.60,1311,212,"Harem, Mystery, Comedy, Supernatural, Romance, School, Shounen",12,"Apr 12, 2015","Jun 28, 2015","Dentsu, Frontier Works, Kodansha, Rakuonsha, Ultra Super Pictures, Memory-Tech, Daiichikosho, Lawson HMV Entertainment, Amuse, Animatic, A-Sketch",LIDENFILMS
Yami Shibai,7.03,3620,1745,"Dementia, Horror, Supernatural",13,"Jul 15, 2013","Sep 30, 2013",TV Tokyo,ILCA
Yami Shibai 2,6.49,6114,2709,"Dementia, Horror, Supernatural",13,"Jul 7, 2014","Sep 29, 2014",TV Tokyo,ILCA
Yesterday wo Utatte,6.94,3984,698,"Slice of Life, Drama, Romance, Seinen",12,"Apr 5, 2020","Jun 21, 2020","TV Asahi, Sotsu, Delfi Sound, Lucent Pictures Entertainment, CyberAgent, AbemaTV, DMM.futureworks",Doga Kobo
Youkoso Jitsuryoku Shijou Shugi no Kyoushitsu e (TV),7.84,785,159,"Psychological, Drama, School",12,"Jul 12, 2017","Sep 27, 2017","Studio Hibari, Lantis, Media Factory, AT-X, Sony Music Communications, Toranoana, Kadokawa Media House, AKABEiSOFT2",Lerche
Yuru Camp△,8.27,250,440,"Slice of Life, Comedy",12,"Jan 4, 2018","Mar 22, 2018","Sotsu, AT-X, Sony Music Communications, MAGES., 81 Produce, BS11, FuRyu, Crunchyroll SC Anime Fund",C-Station
Yuru Camp△ Season 2,8.55,90,1152,"Slice of Life, Comedy",13,"Jan 7, 2021","Apr 1, 2021","Half H.P Studio, MAGES., DeNA",C-Station
Yuukoku no Moriarty,8.10,426,689,"Mystery, Historical, Psychological, Thriller, Shounen",11,"Oct 11, 2020","Dec 20, 2020","Mainichi Broadcasting System, Shueisha, Yomiuri TV Enterprise, Bandai Namco Arts, Bandai Spirits",Production I.G
Yuukoku no Moriarty 2nd Season,8.22,301,1205,"Mystery, Historical, Psychological, Thriller, Shounen",13,"Apr 4, 2021","Jun 27, 2021","Mainichi Broadcasting System, Shueisha, Yomiuri TV Enterprise, Bandai Namco Arts, Bandai Spirits",Production I.G
